student_id,age,gender,year_in_school,major,monthly_income,financial_aid,tuition,housing,food,transportation,books_supplies,entertainment,personal_care,technology,health_wellness,miscellaneous,preferred_payment_method
1,19,Non-binary,1,Biology,641.25,0.0,657.52,551.48,103.47,59.3,14.17,51.54,50.43,3.98,19.88,51.99,Credit/Debit Card
2,24,Non-binary,4,Psychology,485.34,0.0,154.87,512.62,268.5,50.73,31.77,191.87,36.93,13.91,9.67,67.8,Credit/Debit Card
3,24,Male,4,Biology,1002.03,0.0,772.05,428.33,312.66,75.62,108.64,18.71,28.23,43.41,7.98,18.62,Cash
4,24,Non-binary,4,Law,1001.26,1135.12,427.64,244.28,152.08,113.35,100.72,125.73,23.69,109.37,16.34,30.36,Mobile Payment App
5,22,Female,2,Economics,480.7,0.0,174.08,291.95,152.29,37.15,142.01,176.51,35.17,98.32,39.56,73.16,Cash
6,20,Non-binary,2,Economics,986.0,819.64,347.06,413.06,322.41,56.94,40.7,199.53,50.76,13.64,4.71,8.77,Mobile Payment App
7,24,Female,4,Computer Science,848.74,303.49,878.31,537.35,83.1,90.68,105.44,112.02,31.35,96.14,11.16,34.78,Mobile Payment App
8,23,Male,3,Mechanical Engineering,733.83,1045.75,834.47,541.73,160.58,82.09,95.26,39.04,71.0,80.91,77.86,42.43,Cash
9,22,Non-binary,4,Economics,809.41,1347.25,329.59,258.39,233.19,23.27,112.47,165.04,88.24,79.91,12.58,52.78,Cash
10,22,Non-binary,4,Economics,785.06,551.05,667.4,470.83,187.73,85.53,62.28,180.93,46.12,37.19,6.4,1.68,Mobile Payment App
11,20,Female,2,Design,930.3,0.0,173.56,298.69,218.82,44.24,77.96,112.45,67.87,132.36,57.62,19.44,Cash
12,20,Male,2,Economics,784.04,0.0,415.72,335.0,313.24,20.69,101.48,132.77,14.85,109.23,80.06,8.74,Mobile Payment App
13,22,Female,4,Biology,493.21,0.0,206.54,513.61,311.11,25.28,101.3,112.71,11.18,13.99,75.36,18.91,Cash
14,21,Male,2,Psychology,733.8,0.0,151.62,325.69,330.16,97.44,49.93,142.35,68.44,117.5,66.19,38.93,Credit/Debit Card
15,21,Male,1,Mechanical Engineering,643.02,0.0,588.13,376.28,310.23,31.53,144.51,25.22,24.87,89.26,67.52,18.82,Credit/Debit Card
16,21,Male,1,Computer Science,572.29,0.0,587.75,385.25,332.37,36.45,110.27,55.35,41.66,100.75,30.0,25.29,Cash
17,19,Non-binary,1,Psychology,396.04,0.0,810.65,545.67,179.77,31.56,126.72,143.67,58.93,148.08,65.4,0.63,Mobile Payment App
18,19,Male,1,Computer Science,588.8,0.0,230.28,398.95,153.53,78.51,110.47,48.68,60.74,39.6,48.85,72.43,Mobile Payment App
19,23,Non-binary,4,Mechanical Engineering,840.64,0.0,346.47,483.55,228.95,59.91,11.35,24.3,80.65,135.59,54.56,66.77,Credit/Debit Card
20,22,Non-binary,4,Law,704.2,0.0,824.24,508.26,312.39,109.39,39.41,57.41,18.22,117.02,88.41,32.51,Credit/Debit Card
21,20,Female,2,Economics,1046.96,242.97,702.42,299.48,331.32,99.23,130.97,164.04,31.34,118.11,10.81,69.77,Credit/Debit Card
22,23,Non-binary,4,Psychology,590.21,0.0,803.49,250.32,258.21,56.84,49.0,23.19,71.87,52.67,50.94,54.36,Credit/Debit Card
23,20,Non-binary,1,Design,894.66,0.0,597.43,305.56,292.34,60.82,147.79,31.97,81.96,28.51,4.44,34.88,Mobile Payment App
24,21,Male,2,Economics,1158.0,248.4,648.18,298.59,164.76,104.04,110.77,67.06,34.74,61.26,40.24,23.65,Cash
25,24,Non-binary,4,Economics,648.41,460.19,560.95,150.18,157.47,60.14,91.2,134.39,47.2,66.32,21.37,37.85,Mobile Payment App
26,20,Male,1,Biology,513.97,532.77,614.45,192.02,337.04,39.66,53.46,163.25,21.79,6.93,98.39,48.9,Cash
27,22,Male,2,Biology,565.03,0.0,665.72,551.7,312.32,107.97,118.98,51.58,74.33,104.39,46.45,44.59,Credit/Debit Card
28,24,Female,4,Biology,407.53,597.58,596.59,577.52,320.68,79.33,110.7,105.91,76.45,82.18,89.72,59.49,Cash
29,22,Male,2,Biology,584.85,315.21,355.95,184.87,157.15,43.53,54.76,112.63,21.07,34.69,69.39,56.51,Cash
30,23,Female,3,Design,1025.91,289.89,305.13,339.06,324.31,76.33,107.37,172.78,71.25,57.06,0.59,28.14,Cash
31,21,Male,2,Law,694.95,0.0,651.66,509.16,275.53,103.25,138.74,196.34,52.73,136.04,59.19,53.04,Cash
32,21,Non-binary,2,Computer Science,881.06,0.0,434.33,245.25,168.25,94.93,63.08,152.88,76.55,37.84,8.19,1.55,Cash
33,22,Male,2,Mechanical Engineering,1151.92,0.0,862.21,239.71,85.5,31.0,27.67,137.2,55.12,32.69,69.95,61.35,Mobile Payment App
34,19,Female,1,Design,880.89,0.0,169.26,290.38,262.88,115.61,65.53,145.85,16.08,103.59,62.72,8.15,Mobile Payment App
35,21,Male,1,Law,691.37,319.38,201.72,441.39,83.42,59.11,78.63,92.37,38.98,133.74,45.97,12.24,Mobile Payment App
36,23,Non-binary,3,Mechanical Engineering,451.07,1401.42,730.98,359.19,302.95,77.21,55.12,56.64,84.77,41.84,45.08,60.04,Mobile Payment App
37,23,Non-binary,4,Design,1072.29,0.0,416.12,266.26,155.51,77.6,133.22,115.6,51.33,28.66,24.14,32.51,Credit/Debit Card
38,24,Female,4,Psychology,726.99,797.06,744.7,191.87,139.83,87.64,52.87,120.5,47.86,79.64,42.55,59.67,Mobile Payment App
39,23,Male,4,Design,594.52,701.63,239.67,391.14,285.79,34.44,40.29,102.0,67.97,146.49,52.46,22.64,Credit/Debit Card
40,21,Non-binary,3,Psychology,799.3,0.0,160.61,390.36,154.06,117.3,87.47,142.51,20.1,130.27,49.09,69.82,Cash
41,23,Male,4,Mechanical Engineering,341.97,0.0,508.3,519.95,188.19,22.78,98.12,20.19,21.94,84.43,30.38,79.51,Cash
42,22,Non-binary,2,Computer Science,1130.64,294.06,482.04,537.07,347.31,47.06,96.94,125.83,69.21,142.14,20.78,16.88,Credit/Debit Card
43,20,Non-binary,2,Design,528.42,294.06,595.36,281.07,142.5,89.23,108.42,96.27,64.99,138.59,78.78,50.0,Credit/Debit Card
44,22,Female,4,Law,608.81,444.96,261.74,269.53,118.4,21.26,120.97,123.06,75.94,138.18,43.92,37.5,Cash
45,23,Female,3,Mechanical Engineering,421.32,407.97,474.02,295.04,147.6,24.59,144.67,168.83,56.02,142.62,99.96,53.78,Credit/Debit Card
46,21,Female,2,Biology,591.31,530.3,837.05,231.67,238.04,81.65,78.84,27.34,37.84,50.0,67.01,68.62,Mobile Payment App
47,23,Male,4,Mechanical Engineering,533.83,1224.05,491.12,291.53,167.28,116.87,66.58,107.77,89.05,98.65,54.26,33.06,Cash
48,24,Non-binary,4,Computer Science,460.2,331.2,302.67,397.15,330.47,61.0,107.76,33.07,87.85,91.33,23.93,12.67,Mobile Payment App
49,22,Female,4,Economics,716.83,0.0,238.1,524.46,214.56,90.24,81.24,61.95,76.78,147.04,24.37,44.1,Mobile Payment App
50,20,Female,2,Mechanical Engineering,1066.87,0.0,790.81,302.94,292.68,43.05,10.36,147.95,77.0,86.99,65.99,69.22,Cash
51,22,Non-binary,3,Design,389.04,351.94,802.2,591.35,144.48,55.21,129.84,88.05,35.45,70.95,91.34,30.5,Mobile Payment App
52,21,Male,2,Biology,561.72,0.0,874.02,299.4,107.1,103.73,23.96,182.98,11.23,21.62,87.09,77.6,Cash
53,23,Female,3,Economics,537.73,1117.71,655.77,390.13,337.62,80.81,134.24,102.71,53.28,92.62,23.48,54.75,Mobile Payment App
54,20,Female,1,Mechanical Engineering,351.72,0.0,677.92,195.23,124.92,46.44,14.05,71.63,14.49,53.77,43.07,19.54,Mobile Payment App
55,20,Male,2,Computer Science,786.85,314.37,330.62,560.77,118.64,63.42,45.56,58.51,10.75,120.69,90.12,54.21,Cash
56,23,Female,3,Computer Science,918.87,0.0,468.23,262.54,308.23,35.92,63.86,101.81,28.98,85.79,57.48,79.42,Mobile Payment App
57,23,Non-binary,4,Design,1089.76,1317.44,186.78,422.88,214.12,109.94,50.07,161.78,58.57,52.85,63.66,49.67,Mobile Payment App
58,22,Non-binary,2,Psychology,672.39,0.0,634.76,289.02,199.02,75.86,112.53,27.13,33.61,112.12,17.56,10.57,Mobile Payment App
59,21,Non-binary,3,Psychology,632.03,356.09,371.36,541.68,297.14,64.17,20.54,153.29,28.05,101.45,67.44,31.79,Credit/Debit Card
60,22,Non-binary,4,Psychology,1060.15,0.0,491.09,452.77,261.53,76.38,125.14,188.66,18.67,35.07,2.5,70.74,Mobile Payment App
61,22,Non-binary,2,Law,1028.07,736.7,456.22,212.9,335.49,46.96,78.97,28.47,80.98,20.35,45.36,53.64,Mobile Payment App
62,24,Female,4,Computer Science,808.6,872.51,814.06,444.71,305.1,79.64,141.47,63.15,65.22,32.59,44.47,18.89,Mobile Payment App
63,23,Male,3,Design,908.06,0.0,292.36,204.97,308.97,62.75,102.79,131.92,57.77,3.2,78.68,19.49,Mobile Payment App
64,20,Female,2,Design,466.68,1327.28,305.37,247.18,314.82,49.5,30.66,181.1,10.23,128.76,14.47,10.4,Credit/Debit Card
65,21,Male,1,Biology,728.15,0.0,328.45,295.7,127.05,20.5,113.84,109.96,69.65,71.44,77.8,41.06,Mobile Payment App
66,22,Female,2,Computer Science,562.97,0.0,831.56,446.51,161.44,82.55,14.36,199.73,77.78,63.94,10.8,56.99,Credit/Debit Card
67,23,Non-binary,3,Law,718.13,526.62,561.27,296.33,348.55,70.71,73.52,125.03,17.93,105.27,85.28,52.07,Credit/Debit Card
68,23,Male,4,Computer Science,741.74,0.0,770.56,329.43,277.0,47.82,53.75,58.43,86.29,103.02,47.43,7.3,Cash
69,21,Female,1,Psychology,621.72,412.0,867.47,402.76,260.9,58.13,132.31,188.81,43.83,137.38,5.14,23.01,Credit/Debit Card
70,20,Non-binary,2,Law,248.92,794.3,785.46,307.55,230.19,27.06,49.0,52.97,44.33,84.14,76.74,49.74,Mobile Payment App
71,21,Male,1,Law,1023.38,0.0,354.95,493.08,328.82,51.86,35.4,37.22,62.59,10.44,74.1,77.74,Mobile Payment App
72,21,Female,2,Law,471.67,294.44,268.06,290.24,167.58,113.85,93.47,177.84,22.45,113.17,4.98,6.53,Cash
73,24,Male,4,Design,485.78,1205.93,408.88,199.9,263.12,77.28,83.77,68.6,27.64,147.67,5.48,16.35,Credit/Debit Card
74,22,Female,3,Computer Science,712.59,0.0,523.04,343.79,114.88,70.92,42.22,116.16,63.44,53.13,39.71,59.36,Cash
75,20,Female,1,Mechanical Engineering,394.76,844.85,367.14,332.26,340.87,33.05,142.67,97.42,65.17,54.28,43.67,8.47,Cash
76,20,Male,1,Economics,518.41,1108.93,404.63,299.88,125.4,68.6,25.96,106.89,82.47,52.41,72.74,65.52,Credit/Debit Card
77,21,Female,2,Design,747.19,1324.39,206.51,578.08,249.55,63.72,88.92,120.1,64.49,132.31,64.3,78.92,Mobile Payment App
78,21,Male,3,Mechanical Engineering,932.55,248.19,481.66,286.27,154.16,20.9,81.03,68.98,46.15,8.53,83.17,6.14,Mobile Payment App
79,23,Non-binary,4,Computer Science,171.74,926.68,487.3,514.42,256.0,48.76,76.59,38.66,14.95,15.53,89.91,27.48,Mobile Payment App
80,20,Female,2,Computer Science,385.78,0.0,893.24,385.83,244.65,53.21,138.51,83.61,71.96,101.83,5.24,50.47,Cash
81,21,Non-binary,1,Computer Science,571.76,912.5,873.31,421.22,120.6,23.56,102.91,184.18,34.82,98.41,66.21,10.32,Cash
82,24,Male,4,Psychology,488.02,1117.67,245.85,466.27,335.72,119.7,137.74,27.76,63.64,76.27,1.82,24.71,Cash
83,20,Non-binary,2,Design,777.66,0.0,225.86,496.89,305.48,107.79,15.28,73.99,71.3,19.66,37.67,12.98,Mobile Payment App
84,22,Male,2,Psychology,649.98,245.24,423.22,473.81,341.79,79.11,115.33,158.92,28.72,35.88,96.56,62.75,Mobile Payment App
85,23,Male,4,Psychology,696.51,505.49,874.7,517.6,296.34,29.53,45.0,131.82,79.93,83.18,10.26,67.67,Credit/Debit Card
86,21,Male,2,Psychology,271.08,348.64,260.51,346.86,335.53,38.31,73.16,76.42,12.13,7.99,50.2,18.86,Credit/Debit Card
87,20,Male,1,Design,1031.49,747.29,259.54,167.24,327.7,64.61,126.36,154.18,47.53,92.3,90.59,1.52,Credit/Debit Card
88,22,Male,4,Law,472.9,1098.29,375.86,171.49,193.35,98.36,74.0,31.06,82.41,89.51,1.64,41.23,Credit/Debit Card
89,22,Non-binary,3,Biology,855.22,483.31,648.28,188.53,343.16,22.11,83.65,106.39,89.07,83.12,39.05,37.61,Cash
90,23,Non-binary,3,Biology,652.02,0.0,200.67,258.51,257.42,25.88,91.47,153.77,20.67,52.84,33.85,51.42,Mobile Payment App
91,24,Non-binary,4,Economics,698.88,888.38,493.26,282.05,91.83,35.94,15.87,187.34,51.23,148.37,54.3,20.27,Cash
92,21,Non-binary,3,Psychology,757.86,1274.75,354.91,509.7,197.98,57.0,71.56,191.73,37.12,28.02,69.21,29.39,Credit/Debit Card
93,22,Female,4,Mechanical Engineering,50,0.0,390.91,186.03,258.45,47.18,94.37,90.96,65.18,52.73,4.24,69.6,Cash
94,23,Male,3,Economics,953.01,1414.99,206.28,436.88,178.09,99.12,105.12,191.03,21.42,91.14,78.13,2.78,Mobile Payment App
95,22,Male,3,Biology,438.97,430.69,487.44,316.93,199.86,23.07,29.28,79.72,35.15,41.8,96.05,2.07,Mobile Payment App
96,24,Female,4,Computer Science,841.17,0.0,345.22,350.82,349.02,44.99,138.31,103.33,19.81,127.92,45.2,71.89,Mobile Payment App
97,23,Female,3,Computer Science,603.67,458.07,374.97,220.88,271.58,88.52,34.37,78.68,27.94,147.77,79.21,18.94,Cash
98,22,Female,3,Law,715.98,1431.85,247.33,547.91,97.75,56.81,110.37,100.95,42.86,61.42,57.49,10.03,Credit/Debit Card
99,23,Non-binary,4,Economics,564.03,1334.53,629.85,231.88,340.89,60.42,137.5,20.53,19.93,22.95,16.47,25.81,Cash
100,21,Non-binary,3,Psychology,466.98,0.0,867.26,273.5,248.76,79.51,23.08,131.79,57.34,87.1,17.12,49.96,Mobile Payment App
101,19,Non-binary,1,Biology,1117.64,1236.85,638.35,495.13,192.48,82.09,79.73,129.16,33.17,143.5,48.29,64.38,Cash
102,22,Female,4,Mechanical Engineering,911.78,659.17,479.7,367.91,135.09,78.7,53.76,146.49,68.74,129.12,97.54,10.46,Mobile Payment App
103,20,Male,1,Biology,655.84,269.75,222.61,280.6,183.72,79.61,44.76,174.41,22.78,49.12,57.77,25.02,Mobile Payment App
104,23,Female,4,Mechanical Engineering,762.33,0.0,217.54,326.96,203.45,40.28,91.67,19.25,32.51,89.63,84.28,53.8,Credit/Debit Card
105,20,Non-binary,1,Mechanical Engineering,764.9,0.0,424.45,330.26,233.98,35.44,87.45,23.97,50.34,114.66,27.97,79.13,Credit/Debit Card
106,20,Non-binary,2,Biology,778.58,284.78,890.09,401.02,178.71,30.15,94.34,86.26,13.22,5.84,71.36,64.32,Credit/Debit Card
107,21,Female,2,Mechanical Engineering,825.04,358.87,704.49,284.66,170.82,101.97,84.53,144.66,33.98,122.36,36.84,53.9,Cash
108,21,Non-binary,1,Economics,569.47,271.86,641.69,587.43,236.19,38.89,17.19,101.29,51.94,108.18,77.46,30.42,Credit/Debit Card
109,19,Female,1,Mechanical Engineering,839.54,0.0,302.92,375.82,245.1,64.52,128.77,148.21,66.46,77.8,56.09,79.85,Cash
110,21,Male,3,Psychology,672.66,349.45,406.75,309.43,288.44,90.7,100.06,141.73,58.81,28.84,24.65,44.65,Cash
111,22,Male,2,Psychology,596.39,0.0,850.86,474.75,157.7,75.22,86.05,180.19,41.56,51.77,77.31,11.72,Mobile Payment App
112,20,Non-binary,1,Economics,465.51,318.72,710.5,246.29,303.55,43.47,88.68,61.61,18.74,111.13,23.93,4.06,Mobile Payment App
113,20,Female,2,Psychology,809.23,252.07,728.07,152.33,228.6,112.56,66.97,187.66,80.27,71.62,19.95,77.11,Mobile Payment App
114,19,Female,1,Economics,765.99,823.72,551.36,475.4,332.9,110.89,34.51,177.63,24.06,137.95,99.72,31.76,Mobile Payment App
115,21,Non-binary,3,Biology,934.54,0.0,401.28,354.46,253.15,70.05,134.5,35.5,50.34,40.93,80.88,26.45,Mobile Payment App
116,23,Male,3,Economics,666.59,0.0,402.83,282.76,262.09,35.28,95.53,131.36,42.44,64.16,32.79,32.07,Credit/Debit Card
117,23,Female,4,Law,673.69,268.26,715.32,579.32,161.53,90.9,11.6,134.2,65.42,9.32,11.82,24.54,Mobile Payment App
118,23,Non-binary,3,Design,639.89,0.0,855.48,315.39,139.63,115.52,76.95,96.45,89.11,56.04,70.19,73.02,Mobile Payment App
119,20,Non-binary,2,Biology,524.49,999.3,485.06,466.69,101.09,74.24,18.65,114.05,50.44,85.91,14.99,26.25,Credit/Debit Card
120,22,Female,2,Design,381.79,497.77,824.17,350.47,95.02,28.85,68.16,117.14,54.7,100.92,30.82,1.74,Credit/Debit Card
121,22,Female,2,Psychology,857.08,660.4,895.59,570.56,98.64,113.05,14.44,87.68,71.52,114.87,97.83,51.67,Cash
122,23,Male,4,Psychology,752.3,249.63,873.11,543.55,115.91,105.33,26.61,198.64,41.44,19.1,97.87,66.79,Cash
123,24,Male,4,Mechanical Engineering,534.64,281.54,356.74,571.83,275.76,26.85,123.33,89.66,71.28,132.56,1.56,16.49,Credit/Debit Card
124,24,Non-binary,4,Mechanical Engineering,759.32,865.05,186.51,483.24,188.61,39.61,40.42,174.11,14.52,75.58,28.93,65.26,Cash
125,21,Non-binary,3,Law,610.91,806.8,460.17,273.82,230.31,77.13,112.93,43.28,64.3,83.38,4.69,27.55,Cash
126,23,Female,3,Mechanical Engineering,765.93,288.99,374.92,232.75,225.24,40.3,41.55,172.93,21.55,69.45,5.76,33.01,Mobile Payment App
127,21,Non-binary,2,Law,656.65,665.3,487.34,316.98,224.62,102.09,17.22,81.66,58.4,5.93,7.28,64.37,Mobile Payment App
128,21,Male,2,Biology,798.19,0.0,399.72,580.66,84.14,113.4,144.69,32.29,89.97,71.84,24.26,48.35,Credit/Debit Card
129,22,Male,3,Law,451.14,0.0,419.73,547.27,205.82,99.3,111.14,154.71,35.62,30.47,31.29,3.66,Credit/Debit Card
130,20,Female,1,Law,835.19,586.95,584.36,337.91,121.15,49.64,63.18,168.34,49.94,98.19,68.48,20.59,Mobile Payment App
131,23,Male,4,Biology,842.48,0.0,559.91,232.82,320.13,118.98,144.01,109.55,77.13,11.15,81.8,3.88,Credit/Debit Card
132,20,Male,2,Mechanical Engineering,991.09,688.33,314.04,355.2,96.32,81.96,140.75,183.42,62.74,2.36,53.22,32.91,Mobile Payment App
133,23,Male,3,Psychology,690.5,1294.97,472.93,572.87,128.4,111.4,83.41,55.78,59.58,37.86,35.44,63.59,Cash
134,24,Male,4,Law,644.23,0.0,319.39,457.82,308.92,83.64,130.15,154.32,17.48,56.89,55.27,4.49,Credit/Debit Card
135,20,Female,1,Mechanical Engineering,828.49,0.0,793.47,192.91,222.6,19.47,39.6,174.94,81.0,71.33,4.66,5.95,Mobile Payment App
136,19,Non-binary,1,Psychology,388.53,1110.95,871.1,414.17,283.11,89.83,65.76,24.62,23.0,36.07,83.47,31.13,Cash
137,22,Female,2,Economics,608.09,0.0,477.82,527.4,171.96,95.75,143.68,85.37,71.88,4.44,27.33,79.41,Cash
138,23,Female,4,Psychology,394.08,0.0,645.5,188.56,247.03,98.8,109.84,25.59,22.34,106.75,63.39,59.17,Credit/Debit Card
139,19,Female,1,Computer Science,873.48,1089.49,249.38,234.33,201.19,73.25,67.13,14.99,38.31,13.96,59.8,25.95,Cash
140,23,Female,4,Psychology,566.29,1000.66,825.85,557.34,344.11,75.06,33.74,82.34,21.11,45.17,49.31,5.06,Cash
141,22,Female,3,Design,692.45,0.0,521.85,427.5,203.62,29.23,10.95,85.18,77.33,56.98,86.22,35.22,Mobile Payment App
142,21,Female,2,Design,446.11,0.0,671.47,365.55,127.96,56.82,54.68,149.63,60.63,145.16,78.2,26.07,Cash
143,21,Non-binary,3,Biology,783.71,435.99,725.71,162.11,276.35,114.01,39.35,161.56,76.5,10.37,84.78,63.6,Credit/Debit Card
144,21,Female,3,Law,589.19,0.0,686.43,505.08,99.97,119.02,77.09,86.15,50.53,138.06,69.17,43.49,Mobile Payment App
145,19,Non-binary,1,Mechanical Engineering,688.27,0.0,609.51,403.45,254.16,82.91,145.35,73.0,73.7,15.89,9.86,17.76,Mobile Payment App
146,21,Male,2,Psychology,330.18,0.0,729.26,414.87,215.13,51.22,13.44,29.86,43.28,144.26,11.61,75.25,Cash
147,22,Non-binary,3,Economics,707.04,0.0,478.62,463.54,166.11,46.53,123.43,31.87,77.93,97.2,67.71,13.15,Mobile Payment App
148,22,Female,2,Biology,389.19,0.0,469.78,357.92,295.39,81.12,36.09,134.89,41.65,110.61,88.31,35.97,Credit/Debit Card
149,20,Non-binary,2,Biology,589.21,990.03,226.31,542.39,130.48,49.23,74.06,59.85,79.01,79.16,63.91,47.76,Mobile Payment App
150,20,Non-binary,1,Economics,987.74,0.0,613.02,516.18,270.62,46.23,96.03,26.1,20.72,17.68,30.54,14.64,Mobile Payment App
151,23,Female,4,Computer Science,413.49,262.29,626.63,462.04,254.22,119.99,87.69,103.03,21.22,47.19,45.1,4.29,Cash
152,20,Male,2,Psychology,486.15,1144.29,571.19,443.88,190.47,66.63,109.42,94.33,23.38,84.81,79.59,17.64,Credit/Debit Card
153,21,Female,3,Computer Science,704.54,1327.64,562.29,200.94,110.84,96.39,125.26,79.7,75.81,6.24,71.9,43.71,Mobile Payment App
154,21,Non-binary,2,Mechanical Engineering,371.17,1439.67,487.3,306.86,300.52,61.1,149.15,157.37,28.96,121.61,58.79,28.05,Mobile Payment App
155,22,Non-binary,4,Design,362.57,1059.33,194.52,307.87,155.89,71.57,55.31,143.77,33.15,40.1,85.8,78.84,Credit/Debit Card
156,21,Female,2,Law,392.88,0.0,800.29,207.1,313.84,41.22,109.6,167.41,70.92,101.44,48.95,46.19,Cash
157,23,Female,4,Law,998.18,1004.69,536.71,275.2,332.81,53.75,143.04,72.18,10.2,116.12,73.27,58.47,Mobile Payment App
158,21,Non-binary,3,Design,828.83,1216.52,313.37,343.34,137.2,43.2,125.97,74.17,56.23,84.92,48.53,27.5,Credit/Debit Card
159,19,Female,1,Computer Science,356.05,0.0,793.24,348.58,80.18,115.59,38.32,140.83,20.55,97.5,15.9,74.62,Mobile Payment App
160,22,Male,3,Mechanical Engineering,351.66,0.0,827.85,224.49,187.01,47.08,107.92,54.49,62.44,105.55,0.11,38.14,Credit/Debit Card
161,22,Male,4,Law,851.6,0.0,466.74,209.48,99.12,55.22,112.31,29.46,35.07,132.15,13.71,61.88,Mobile Payment App
162,20,Male,2,Design,660.22,512.66,607.74,223.85,174.82,37.37,114.76,184.78,59.29,66.36,21.72,71.73,Credit/Debit Card
163,23,Non-binary,4,Mechanical Engineering,836.11,0.0,633.47,261.68,242.27,90.72,49.89,188.84,12.15,127.06,87.58,16.44,Credit/Debit Card
164,23,Male,4,Biology,606.24,657.46,823.43,579.6,213.62,26.84,79.94,122.85,52.26,146.65,98.69,74.71,Mobile Payment App
165,23,Female,4,Biology,520.21,354.53,727.78,157.51,98.23,42.53,15.58,21.49,73.14,75.99,62.86,40.08,Mobile Payment App
166,22,Non-binary,4,Law,611.09,811.7,612.04,274.86,163.67,68.69,38.45,163.53,52.91,58.61,63.43,66.76,Credit/Debit Card
167,23,Male,3,Biology,146.64,0.0,214.66,345.52,202.41,78.93,53.3,150.92,69.25,17.92,70.79,56.12,Cash
168,21,Male,3,Biology,858.55,0.0,735.84,270.94,319.33,96.0,14.11,163.35,31.76,9.58,71.23,46.13,Cash
169,21,Male,3,Economics,365.4,0.0,730.0,552.42,262.01,27.11,113.71,10.49,78.7,1.84,4.6,29.12,Credit/Debit Card
170,22,Female,4,Computer Science,650.7,0.0,836.89,293.97,303.02,75.01,26.72,137.93,14.21,33.48,51.58,3.67,Cash
171,22,Male,3,Economics,519.65,0.0,368.7,503.03,279.69,40.47,61.56,194.65,89.82,116.38,73.25,43.72,Credit/Debit Card
172,22,Female,4,Biology,896.93,0.0,626.96,462.06,82.59,50.18,116.25,81.49,69.05,46.13,20.52,78.65,Credit/Debit Card
173,22,Female,2,Law,637.72,0.0,539.82,465.38,180.57,117.33,21.89,28.16,20.68,122.99,7.48,45.43,Credit/Debit Card
174,21,Male,2,Economics,714.77,0.0,844.53,326.83,304.61,49.26,73.39,54.39,85.48,20.42,77.01,8.72,Cash
175,23,Male,4,Law,423.09,1059.67,381.23,269.25,112.38,31.55,106.05,167.01,65.75,6.05,83.59,26.22,Credit/Debit Card
176,22,Male,3,Computer Science,801.08,409.79,374.13,519.04,126.94,114.97,129.64,115.63,54.01,14.21,10.19,63.5,Credit/Debit Card
177,20,Female,2,Computer Science,721.26,841.7,633.51,412.05,149.88,100.34,13.05,22.25,82.2,66.51,12.88,72.41,Credit/Debit Card
178,22,Non-binary,4,Mechanical Engineering,860.86,0.0,474.87,475.99,213.95,55.19,69.73,77.25,82.66,41.25,44.6,11.89,Mobile Payment App
179,22,Non-binary,2,Psychology,586.6,495.81,215.79,322.36,193.19,82.48,121.61,57.34,89.53,81.55,1.95,30.6,Cash
180,23,Male,4,Economics,867.68,500.48,441.29,230.92,166.1,38.0,135.41,157.92,14.69,148.73,52.94,61.35,Credit/Debit Card
181,22,Non-binary,2,Law,665.1,1400.28,191.93,598.38,139.24,103.88,121.63,77.41,77.14,126.78,17.61,47.4,Cash
182,21,Non-binary,1,Economics,921.33,752.54,575.74,213.95,336.06,102.85,123.46,194.37,53.37,26.33,3.8,4.49,Credit/Debit Card
183,22,Male,4,Psychology,500.84,1022.63,687.7,563.45,307.96,48.98,13.07,121.46,83.38,116.15,84.65,68.85,Mobile Payment App
184,24,Non-binary,4,Design,914.45,0.0,391.95,589.14,277.74,60.87,99.5,102.57,35.38,106.08,56.2,71.17,Cash
185,22,Non-binary,2,Economics,534.17,0.0,370.89,229.97,80.49,88.71,90.2,171.64,71.67,85.12,18.21,25.46,Mobile Payment App
186,20,Male,1,Economics,577.56,0.0,208.35,306.06,166.27,81.8,144.83,166.12,63.6,109.39,33.57,0.91,Mobile Payment App
187,20,Non-binary,1,Economics,645.6,0.0,478.67,338.84,124.91,58.47,133.45,76.73,40.03,124.32,78.87,46.24,Credit/Debit Card
188,22,Non-binary,4,Mechanical Engineering,755.11,1365.97,371.18,293.42,336.95,22.79,33.81,81.34,68.56,82.06,89.81,7.45,Cash
189,20,Non-binary,1,Mechanical Engineering,773.57,258.85,225.94,242.5,131.3,88.21,111.09,148.7,31.22,42.23,23.75,3.97,Cash
190,20,Female,2,Biology,603.26,0.0,215.72,520.75,248.77,65.43,23.58,49.32,61.06,146.56,47.36,9.24,Cash
191,21,Female,3,Design,513.12,0.0,427.05,350.6,151.09,63.83,41.67,61.03,14.93,112.84,66.75,6.86,Mobile Payment App
192,24,Non-binary,4,Computer Science,480.53,0.0,780.6,518.28,193.03,71.23,131.37,100.22,80.53,71.44,7.9,72.22,Mobile Payment App
193,20,Male,2,Computer Science,878.11,0.0,756.35,206.78,194.31,118.77,70.96,199.48,60.18,125.12,25.79,72.86,Cash
194,24,Male,4,Computer Science,574.7,0.0,539.77,562.72,83.34,88.54,92.26,158.52,19.0,22.45,56.66,46.61,Mobile Payment App
195,20,Non-binary,1,Economics,954.93,271.7,641.09,407.41,207.72,33.08,66.42,127.47,64.47,60.26,39.58,70.32,Credit/Debit Card
196,23,Female,4,Psychology,314.78,0.0,763.04,286.37,155.69,66.62,107.47,28.66,79.51,20.16,97.42,35.45,Mobile Payment App
197,24,Non-binary,4,Mechanical Engineering,563.39,0.0,455.38,368.01,219.46,54.26,17.87,160.38,15.25,106.44,40.34,62.44,Credit/Debit Card
198,20,Male,2,Psychology,537.53,1056.35,193.22,164.88,93.65,52.84,37.88,79.99,47.14,59.54,92.31,54.49,Cash
199,22,Non-binary,4,Economics,891.95,469.95,272.64,552.52,282.22,87.33,49.91,83.45,23.03,85.84,96.49,68.57,Mobile Payment App
200,21,Female,2,Law,588.72,771.04,165.04,501.14,287.24,15.93,137.61,133.0,58.09,1.27,25.24,64.41,Mobile Payment App
201,22,Non-binary,3,Psychology,990.35,270.24,500.02,454.74,302.56,56.7,24.32,107.19,62.99,126.49,37.42,51.79,Cash
202,20,Non-binary,1,Biology,387.65,0.0,357.36,296.31,154.76,83.89,143.31,133.78,25.07,77.59,24.03,4.54,Mobile Payment App
203,23,Female,3,Law,681.86,359.7,344.57,338.35,184.83,18.71,109.13,118.69,25.19,108.98,22.24,42.77,Cash
204,21,Male,3,Psychology,688.48,1275.66,568.69,282.2,207.11,92.8,111.53,116.22,83.01,142.04,89.96,52.35,Credit/Debit Card
205,22,Non-binary,3,Psychology,696.79,0.0,497.82,203.0,94.49,81.61,91.24,127.92,47.78,29.18,11.98,54.46,Cash
206,19,Female,1,Law,458.25,0.0,407.0,594.24,321.07,118.6,30.05,173.85,24.43,12.12,33.26,78.93,Credit/Debit Card
207,20,Non-binary,1,Psychology,595.16,0.0,268.83,503.34,290.53,28.59,70.72,91.59,44.32,71.61,0.47,42.7,Credit/Debit Card
208,23,Female,3,Biology,1018.27,0.0,153.09,480.12,141.09,107.08,53.69,29.51,50.27,45.92,6.53,3.66,Mobile Payment App
209,22,Non-binary,3,Economics,1201.04,0.0,517.63,487.55,124.52,110.22,123.68,13.63,27.95,147.73,21.12,1.75,Credit/Debit Card
210,23,Female,3,Biology,182.2,893.48,431.39,438.14,288.24,80.43,93.15,19.11,18.65,125.42,4.82,9.26,Credit/Debit Card
211,22,Male,3,Design,605.56,841.7,375.84,447.75,258.87,43.35,94.79,36.06,76.45,15.74,71.88,9.42,Credit/Debit Card
212,22,Male,4,Computer Science,507.55,439.95,347.25,385.42,134.45,88.86,51.35,17.49,49.71,31.15,93.31,26.45,Mobile Payment App
213,19,Male,1,Design,816.95,0.0,734.64,183.77,275.37,110.0,100.21,96.78,88.18,39.62,5.01,65.05,Cash
214,23,Non-binary,3,Computer Science,368.64,0.0,236.93,533.06,320.38,16.02,29.38,132.97,36.29,134.18,95.51,21.46,Cash
215,21,Female,3,Mechanical Engineering,817.94,272.62,439.29,532.8,295.97,83.13,121.57,31.48,65.69,8.8,94.25,12.75,Cash
216,22,Female,4,Law,795.89,475.95,418.95,162.97,264.81,103.05,146.28,34.82,83.63,16.94,41.13,3.68,Cash
217,21,Non-binary,1,Law,831.65,824.53,573.76,590.05,260.86,50.52,83.23,143.11,17.62,99.26,24.86,27.66,Cash
218,22,Male,2,Mechanical Engineering,452.45,410.91,632.55,220.62,309.19,104.45,131.72,24.22,49.33,36.13,97.01,4.03,Mobile Payment App
219,23,Male,4,Design,686.49,336.15,486.07,535.47,200.71,27.46,79.63,134.14,18.21,61.85,55.71,0.01,Mobile Payment App
220,23,Non-binary,3,Biology,568.65,441.37,653.61,577.66,178.1,20.7,41.21,96.35,54.81,92.96,47.31,52.57,Credit/Debit Card
221,21,Male,1,Economics,685.5,1264.16,749.93,396.46,180.95,26.16,135.56,103.56,75.75,111.38,40.92,20.34,Credit/Debit Card
222,22,Non-binary,4,Economics,847.89,338.95,292.93,302.07,284.43,19.88,98.65,137.71,19.86,133.76,45.74,47.15,Cash
223,21,Non-binary,1,Biology,625.84,340.66,512.2,378.75,328.71,33.61,91.0,148.79,20.27,58.11,60.05,70.62,Cash
224,21,Non-binary,2,Law,371.78,355.63,877.87,353.78,116.01,58.34,108.0,152.2,33.91,105.22,86.07,56.95,Credit/Debit Card
225,20,Non-binary,2,Law,520.42,0.0,249.5,469.68,343.3,33.67,85.95,131.01,66.83,114.12,56.23,46.62,Cash
226,22,Female,3,Economics,521.77,966.13,229.85,321.39,94.33,20.94,47.38,159.25,88.68,102.51,14.64,4.96,Mobile Payment App
227,20,Female,1,Design,690.05,1284.25,571.41,250.94,254.72,55.83,81.53,161.4,65.69,103.94,4.7,30.53,Mobile Payment App
228,23,Non-binary,3,Economics,555.86,0.0,338.51,429.25,290.85,106.36,126.2,183.18,66.37,97.14,75.51,43.73,Mobile Payment App
229,21,Male,2,Computer Science,52.2,0.0,280.35,381.23,181.84,59.99,87.92,34.71,56.72,38.25,33.06,56.78,Credit/Debit Card
230,23,Non-binary,3,Economics,849.17,0.0,619.02,529.41,161.31,97.94,87.02,23.85,66.61,78.81,95.7,41.65,Cash
231,22,Non-binary,4,Mechanical Engineering,383.3,746.2,420.6,248.3,283.22,70.7,149.53,166.5,88.49,1.32,66.89,35.65,Mobile Payment App
232,20,Female,2,Computer Science,1019.99,923.41,436.03,508.29,110.61,41.94,111.36,14.69,51.35,115.57,51.43,40.7,Cash
233,21,Non-binary,2,Design,116.7,0.0,729.99,389.94,249.27,37.13,98.13,50.5,64.83,125.35,20.56,66.3,Cash
234,21,Non-binary,1,Biology,603.32,689.2,494.42,299.27,103.63,20.7,121.19,116.04,56.0,34.15,25.86,31.04,Cash
235,21,Female,3,Biology,565.16,0.0,613.76,490.18,238.11,88.59,20.16,186.33,18.49,118.03,30.14,6.92,Cash
236,20,Female,1,Computer Science,720.64,0.0,252.29,325.95,295.32,72.3,144.42,37.37,64.18,137.13,79.5,58.35,Mobile Payment App
237,20,Female,2,Economics,927.07,304.46,860.23,287.11,282.04,109.87,58.14,88.4,61.67,76.88,16.1,17.66,Credit/Debit Card
238,22,Female,2,Psychology,724.44,1232.3,190.79,487.97,347.32,72.63,100.25,23.9,63.73,37.6,19.74,46.45,Credit/Debit Card
239,20,Male,2,Law,631.67,0.0,487.98,427.35,162.53,76.34,89.18,79.25,35.31,64.25,0.48,19.69,Mobile Payment App
240,23,Male,4,Mechanical Engineering,731.66,1132.55,659.69,299.2,209.59,61.76,118.47,102.52,18.71,96.83,8.2,22.45,Credit/Debit Card
241,23,Non-binary,3,Design,716.31,0.0,787.19,434.23,299.41,75.78,117.69,50.42,12.93,39.09,89.4,43.17,Credit/Debit Card
242,22,Non-binary,3,Economics,592.53,0.0,592.2,535.72,116.15,67.62,22.68,79.13,10.85,35.83,96.4,78.55,Mobile Payment App
243,21,Female,2,Biology,803.56,531.88,875.8,481.16,210.55,52.67,40.63,102.65,15.03,55.42,4.28,16.54,Cash
244,22,Non-binary,4,Design,889.37,0.0,393.05,466.68,220.77,102.11,126.88,60.03,53.55,26.08,65.37,29.22,Credit/Debit Card
245,22,Male,3,Economics,803.94,282.35,800.79,369.09,210.17,78.44,80.26,36.4,23.25,11.56,64.35,16.92,Cash
246,21,Male,1,Law,623.31,0.0,397.67,201.0,262.31,65.3,92.71,132.98,42.87,36.55,12.79,47.39,Mobile Payment App
247,21,Female,1,Economics,730.1,0.0,454.09,586.16,252.16,107.24,111.92,166.05,85.78,32.49,60.65,37.71,Credit/Debit Card
248,24,Male,4,Computer Science,755.8,0.0,765.34,231.85,258.11,42.77,111.39,75.11,46.28,88.59,22.98,30.84,Credit/Debit Card
249,22,Female,4,Mechanical Engineering,541.62,519.96,808.31,389.14,283.14,24.78,102.31,181.38,53.14,0.18,93.77,54.28,Cash
250,21,Female,3,Design,565.38,809.54,322.11,511.04,293.18,55.03,92.47,150.86,70.92,104.51,9.77,10.71,Credit/Debit Card
251,20,Non-binary,1,Mechanical Engineering,425.31,0.0,681.86,505.24,236.06,27.37,11.01,134.36,65.02,47.39,36.23,12.38,Cash
252,23,Non-binary,3,Psychology,490.41,307.76,608.91,596.31,187.31,36.39,87.29,115.94,24.3,83.86,48.38,79.08,Mobile Payment App
253,24,Non-binary,4,Computer Science,934.12,0.0,484.95,464.69,123.68,37.52,66.08,74.3,54.05,104.56,70.68,12.86,Credit/Debit Card
254,21,Male,2,Law,985.08,487.08,198.06,249.8,101.61,18.96,63.81,197.05,59.12,78.15,71.16,47.8,Cash
255,22,Female,4,Design,746.15,1208.71,296.06,502.78,217.85,88.34,96.13,138.06,38.78,98.25,97.56,6.95,Cash
256,23,Male,3,Mechanical Engineering,957.08,288.65,300.23,156.91,269.98,111.51,86.94,147.97,54.73,87.44,34.75,65.24,Credit/Debit Card
257,23,Female,4,Mechanical Engineering,497.46,300.75,568.97,376.43,171.79,27.29,81.86,58.96,53.03,119.01,25.01,35.42,Cash
258,21,Female,2,Mechanical Engineering,572.39,1180.25,495.54,414.07,87.38,27.21,19.46,130.4,89.54,101.54,22.99,25.26,Mobile Payment App
259,21,Male,1,Biology,732.05,0.0,711.59,303.9,229.73,33.74,53.94,51.53,55.9,27.42,74.62,74.42,Mobile Payment App
260,20,Male,2,Design,505.47,717.46,349.05,253.14,305.43,102.82,59.84,158.0,19.59,11.77,95.58,39.41,Mobile Payment App
261,20,Non-binary,1,Psychology,517.85,573.75,518.1,592.98,327.32,44.43,41.09,119.57,14.33,119.89,47.83,43.26,Cash
262,21,Female,2,Mechanical Engineering,788.63,0.0,495.05,460.14,83.19,37.13,91.34,71.83,59.02,38.96,54.86,18.97,Cash
263,21,Female,3,Economics,498.73,880.7,423.81,330.27,201.7,75.0,147.1,140.34,75.14,108.12,80.41,44.43,Credit/Debit Card
264,21,Male,2,Law,651.17,964.68,466.14,210.51,321.18,81.22,84.76,69.99,48.93,37.65,85.85,3.82,Credit/Debit Card
265,19,Non-binary,1,Mechanical Engineering,747.7,670.82,708.44,266.9,177.28,73.54,123.4,75.39,42.94,52.66,67.96,48.45,Mobile Payment App
266,21,Female,2,Law,419.54,0.0,532.83,498.63,200.67,23.23,95.91,98.11,86.53,130.24,64.06,74.29,Mobile Payment App
267,22,Male,4,Design,827.45,0.0,368.52,270.36,254.05,43.48,72.29,173.93,39.05,88.04,96.55,33.12,Credit/Debit Card
268,22,Male,2,Computer Science,746.27,0.0,855.33,465.31,101.62,32.53,24.42,22.12,80.3,82.27,2.64,31.76,Cash
269,20,Non-binary,2,Psychology,392.17,0.0,703.19,349.42,114.13,70.31,33.89,16.68,38.55,137.29,86.42,37.38,Mobile Payment App
270,22,Male,4,Biology,271.47,812.57,593.12,355.44,282.21,107.12,70.9,131.56,52.7,136.34,48.17,18.17,Cash
271,22,Non-binary,3,Economics,638.48,0.0,718.72,211.34,157.43,71.19,106.29,103.47,70.44,44.94,76.59,63.84,Credit/Debit Card
272,21,Non-binary,3,Design,836.79,345.86,477.83,262.45,273.03,82.83,125.98,51.91,16.34,93.8,51.66,64.0,Mobile Payment App
273,22,Non-binary,3,Computer Science,488.54,0.0,790.11,232.08,158.19,81.87,96.48,61.71,59.82,28.17,1.94,3.97,Credit/Debit Card
274,20,Male,1,Psychology,432.24,0.0,478.81,153.69,104.35,16.55,40.41,89.85,72.86,74.76,37.14,55.75,Credit/Debit Card
275,20,Male,2,Economics,627.27,494.03,294.14,528.69,300.66,101.97,27.07,155.95,29.92,115.68,44.3,59.01,Cash
276,21,Male,1,Psychology,868.44,954.28,504.62,456.65,164.27,48.92,98.08,18.02,84.99,78.14,25.33,51.08,Credit/Debit Card
277,20,Male,2,Biology,670.68,0.0,357.08,203.84,293.07,15.94,15.88,158.86,48.02,89.43,37.14,7.16,Credit/Debit Card
278,23,Male,3,Computer Science,883.87,0.0,633.43,465.6,293.7,28.21,42.57,196.52,73.08,113.5,80.55,35.1,Mobile Payment App
279,23,Non-binary,4,Economics,623.23,0.0,478.13,282.62,268.2,34.93,36.13,76.06,68.59,41.3,83.13,73.16,Credit/Debit Card
280,21,Male,2,Law,485.01,0.0,556.2,354.34,289.5,68.13,112.71,177.76,59.58,54.61,62.02,25.66,Mobile Payment App
281,22,Male,4,Computer Science,394.83,430.83,362.35,334.41,166.95,25.11,102.24,18.32,85.02,26.8,3.13,8.56,Credit/Debit Card
282,24,Non-binary,4,Computer Science,611.11,303.1,675.99,265.17,178.92,78.63,19.92,186.74,26.7,73.71,88.98,6.4,Cash
283,23,Male,4,Mechanical Engineering,670.93,453.16,180.49,181.67,162.05,114.18,144.48,28.45,68.01,79.75,18.95,42.1,Mobile Payment App
284,22,Non-binary,2,Economics,576.67,818.61,709.58,494.83,235.67,85.82,108.36,91.14,18.33,118.87,55.0,40.38,Mobile Payment App
285,23,Female,4,Biology,877.47,0.0,459.26,434.96,303.06,48.96,43.7,113.67,40.01,82.54,74.46,28.8,Cash
286,21,Female,1,Mechanical Engineering,490.1,0.0,596.82,382.92,348.22,46.69,52.05,52.16,78.46,3.26,82.19,55.18,Mobile Payment App
287,20,Female,2,Design,850.5,0.0,817.22,262.44,149.19,46.53,89.87,118.12,27.39,11.58,32.47,38.6,Mobile Payment App
288,21,Male,1,Law,698.45,736.13,698.09,409.33,101.19,20.87,117.93,76.11,75.37,62.48,86.78,69.58,Mobile Payment App
289,21,Male,1,Economics,687.03,0.0,389.49,404.21,168.24,88.27,31.45,137.99,89.79,145.66,75.28,46.02,Cash
290,22,Female,3,Biology,437.18,0.0,211.91,407.15,93.31,56.92,21.91,105.35,71.91,19.56,13.49,44.74,Mobile Payment App
291,22,Female,2,Economics,382.29,0.0,349.69,343.53,264.88,75.48,25.75,88.58,39.22,28.57,34.45,52.43,Cash
292,24,Female,4,Computer Science,410.98,0.0,843.16,255.07,265.05,31.38,111.99,26.3,69.17,36.46,62.1,11.81,Cash
293,20,Non-binary,1,Computer Science,605.11,0.0,308.91,395.89,282.6,72.62,97.23,198.54,65.61,100.24,37.66,72.48,Cash
294,20,Female,2,Design,664.57,0.0,672.4,272.08,205.54,114.24,19.32,135.47,63.04,136.93,36.02,8.63,Mobile Payment App
295,22,Female,4,Biology,910.12,671.87,386.59,540.05,223.52,34.57,80.09,97.02,84.11,3.22,24.74,42.35,Cash
296,20,Non-binary,2,Psychology,616.8,0.0,416.53,286.05,348.92,117.75,48.62,21.78,30.61,58.08,100.0,79.23,Credit/Debit Card
297,21,Male,2,Economics,906.95,0.0,540.54,455.1,315.63,87.08,68.43,118.85,44.12,46.86,60.54,35.93,Mobile Payment App
298,22,Male,2,Psychology,456.26,536.81,301.73,212.15,265.9,109.36,137.34,91.71,82.72,115.51,65.62,45.19,Credit/Debit Card
299,19,Male,1,Economics,463.45,649.43,389.02,587.8,339.52,46.85,114.39,166.12,60.95,110.75,15.2,15.03,Credit/Debit Card
300,23,Female,3,Biology,1062.49,522.47,597.27,253.91,87.04,23.34,119.18,35.48,77.69,70.31,64.96,14.72,Cash
301,20,Non-binary,2,Psychology,669.65,1425.03,844.08,577.59,140.09,85.49,38.4,48.87,24.17,143.2,43.93,49.36,Cash
302,21,Male,2,Biology,702.77,333.15,605.95,520.95,274.45,56.39,141.48,118.67,52.89,96.21,70.41,3.08,Cash
303,19,Male,1,Law,430.75,652.56,440.55,494.32,339.9,34.93,71.54,178.04,71.89,42.89,16.65,23.55,Mobile Payment App
304,21,Non-binary,2,Economics,624.12,1270.13,217.83,375.3,128.54,76.47,135.21,113.82,41.45,48.52,2.49,36.29,Cash
305,20,Female,1,Mechanical Engineering,507.21,894.88,688.78,205.59,110.82,62.19,60.81,109.53,40.73,118.66,51.17,75.98,Cash
306,19,Male,1,Economics,934.32,0.0,644.65,217.54,314.58,33.78,109.69,89.72,34.76,115.29,44.63,50.12,Credit/Debit Card
307,21,Non-binary,1,Psychology,653.33,342.65,557.63,152.59,318.33,39.98,92.44,100.39,42.81,11.91,60.01,19.58,Mobile Payment App
308,20,Non-binary,2,Psychology,615.68,0.0,639.96,166.52,310.53,85.03,127.32,66.7,83.63,7.35,41.7,14.26,Mobile Payment App
309,21,Non-binary,2,Biology,649.13,0.0,374.47,315.86,182.31,22.11,69.83,114.59,33.43,20.18,69.46,21.95,Mobile Payment App
310,22,Female,2,Psychology,442.09,0.0,231.98,478.38,249.82,118.65,77.71,140.84,84.71,147.94,28.72,48.71,Mobile Payment App
311,21,Non-binary,3,Biology,455.95,842.19,519.38,230.96,244.54,89.4,147.1,10.3,11.92,93.82,11.79,67.85,Cash
312,20,Female,1,Biology,480.45,0.0,628.13,155.08,134.32,44.57,120.63,68.48,50.54,48.59,0.61,54.87,Mobile Payment App
313,19,Male,1,Design,793.61,793.31,505.88,166.0,116.65,31.32,74.49,174.39,81.67,69.37,81.42,74.22,Mobile Payment App
314,23,Female,3,Law,1041.29,857.02,566.38,158.42,235.9,49.83,138.27,161.2,15.3,22.4,84.07,27.13,Mobile Payment App
315,22,Female,2,Economics,538.39,0.0,713.66,467.37,164.91,18.32,67.94,104.44,29.01,67.79,95.07,17.29,Credit/Debit Card
316,21,Male,3,Design,562.65,1057.01,219.45,377.7,295.74,110.02,31.57,74.62,48.68,131.08,31.04,26.19,Mobile Payment App
317,20,Male,2,Mechanical Engineering,611.18,916.74,236.88,289.94,91.89,104.05,132.06,73.33,81.13,15.47,76.62,59.64,Cash
318,21,Female,2,Mechanical Engineering,409.11,0.0,357.49,293.62,199.1,27.35,30.9,61.99,11.22,93.44,51.41,16.53,Cash
319,21,Male,3,Law,1022.22,448.97,203.43,425.97,171.46,61.58,28.21,99.44,64.04,15.89,5.38,34.12,Mobile Payment App
320,24,Female,4,Computer Science,511.42,0.0,763.08,470.8,261.13,71.02,146.32,153.59,47.26,19.77,81.29,73.58,Cash
321,23,Male,3,Computer Science,418.94,267.8,317.85,537.49,246.57,110.85,64.89,142.93,63.21,118.32,88.24,36.26,Cash
322,20,Non-binary,1,Biology,354.35,295.35,278.1,495.57,243.2,28.38,24.41,165.34,73.74,48.88,64.95,63.39,Cash
323,22,Non-binary,4,Mechanical Engineering,448.96,286.06,405.54,516.26,239.56,97.35,70.95,159.59,53.56,35.42,66.26,6.23,Cash
324,21,Non-binary,1,Computer Science,459.12,492.58,566.32,519.91,127.57,115.37,19.75,30.66,75.13,115.7,37.89,39.54,Credit/Debit Card
325,20,Non-binary,2,Psychology,1011.11,899.15,717.81,447.4,202.3,45.61,96.18,94.96,26.45,131.61,29.97,63.55,Cash
326,21,Female,3,Design,340.65,401.62,889.82,331.89,114.44,45.89,61.69,114.29,14.25,105.5,82.08,28.74,Credit/Debit Card
327,21,Non-binary,2,Economics,584.86,0.0,454.52,345.84,137.03,33.21,29.47,115.53,77.47,54.04,41.72,23.08,Credit/Debit Card
328,19,Female,1,Mechanical Engineering,439.56,645.03,691.0,369.02,197.92,118.97,21.85,132.03,43.27,68.4,78.89,48.35,Credit/Debit Card
329,24,Non-binary,4,Biology,287.97,282.64,289.34,422.06,236.04,103.91,43.14,105.33,42.87,81.92,36.7,78.26,Mobile Payment App
330,21,Female,3,Law,836.98,496.31,667.87,213.94,277.45,118.28,147.71,157.99,47.19,11.74,88.99,7.08,Mobile Payment App
331,21,Male,1,Computer Science,387.32,0.0,827.69,390.76,82.91,62.67,136.85,119.05,36.52,52.94,97.78,23.57,Mobile Payment App
332,23,Female,3,Psychology,356.95,1230.58,196.06,362.92,125.65,20.42,148.65,163.69,59.95,43.02,8.25,40.45,Credit/Debit Card
333,22,Male,3,Economics,673.33,0.0,832.6,482.54,257.97,53.83,34.56,158.68,28.9,27.12,52.74,2.65,Mobile Payment App
334,21,Male,2,Biology,621.01,1436.92,727.78,257.08,198.85,81.95,39.52,149.53,37.61,96.34,75.55,9.28,Cash
335,23,Male,4,Computer Science,120.54,446.73,662.63,325.53,150.91,70.7,70.86,64.87,73.78,57.3,31.57,42.42,Mobile Payment App
336,22,Male,3,Mechanical Engineering,729.55,583.61,793.77,300.74,152.11,25.32,101.61,84.32,71.85,112.36,73.43,47.1,Cash
337,21,Male,2,Mechanical Engineering,335.75,992.62,458.44,386.37,265.08,51.91,111.54,57.86,12.72,92.91,5.69,47.53,Mobile Payment App
338,21,Male,1,Law,553.08,0.0,603.51,319.18,286.24,83.03,122.45,45.11,18.87,27.64,29.46,52.84,Cash
339,22,Male,3,Mechanical Engineering,534.05,1115.23,271.47,183.3,289.82,55.19,56.57,21.41,86.45,39.7,44.06,39.34,Cash
340,22,Male,2,Biology,344.77,253.01,555.47,344.06,245.77,26.16,71.82,59.21,12.79,10.56,72.75,62.18,Credit/Debit Card
341,19,Female,1,Law,561.47,745.55,443.5,151.67,271.05,95.95,76.94,86.74,68.22,121.84,7.01,18.07,Cash
342,21,Female,1,Law,501.15,587.01,419.19,456.83,188.17,81.39,144.24,27.23,52.77,144.14,8.05,36.77,Credit/Debit Card
343,22,Male,2,Biology,860.04,0.0,442.58,198.05,265.99,66.08,133.93,93.22,25.16,5.35,2.54,79.71,Cash
344,21,Non-binary,1,Mechanical Engineering,702.99,738.47,550.46,525.41,201.31,119.56,15.19,20.65,73.02,6.42,11.82,64.57,Cash
345,22,Male,2,Biology,210.42,0.0,516.67,158.58,324.94,79.93,43.98,133.27,11.15,94.9,90.47,65.66,Mobile Payment App
346,22,Non-binary,2,Mechanical Engineering,410.69,0.0,229.75,373.71,295.78,38.16,122.62,90.98,74.92,147.33,67.84,25.94,Mobile Payment App
347,21,Non-binary,2,Mechanical Engineering,851.8,981.88,280.09,178.45,153.95,94.54,33.53,80.29,23.2,36.55,58.2,10.67,Cash
348,20,Female,2,Mechanical Engineering,315.65,249.69,155.42,566.76,270.82,77.34,49.72,141.77,73.38,71.4,12.69,11.45,Cash
349,22,Non-binary,4,Psychology,929.56,0.0,687.9,425.42,103.77,101.78,52.17,89.57,54.62,28.79,98.66,78.14,Mobile Payment App
350,21,Female,2,Psychology,535.42,1260.7,306.08,173.88,110.42,30.67,128.13,183.18,49.8,23.96,92.27,4.32,Credit/Debit Card
351,23,Female,4,Economics,448.97,1177.51,228.32,173.61,225.09,31.59,14.07,107.83,15.67,35.29,44.48,46.38,Mobile Payment App
352,21,Non-binary,3,Biology,993.38,1012.86,320.84,256.7,191.4,36.0,134.79,23.97,56.81,8.15,43.59,17.29,Credit/Debit Card
353,23,Female,4,Mechanical Engineering,879.75,754.75,352.27,301.15,88.67,74.71,49.28,31.11,47.24,62.73,76.03,17.59,Credit/Debit Card
354,22,Female,2,Biology,915.28,571.0,214.86,535.64,212.09,119.54,92.82,169.03,32.33,109.5,73.62,19.73,Mobile Payment App
355,22,Male,2,Mechanical Engineering,1109.54,0.0,183.17,596.07,278.04,67.94,69.6,84.92,74.78,104.5,9.8,39.62,Credit/Debit Card
356,22,Male,4,Design,488.63,0.0,329.3,599.53,84.3,85.25,32.65,97.26,55.63,87.55,97.64,37.1,Mobile Payment App
357,22,Male,4,Design,702.45,324.47,151.02,432.29,183.92,87.53,84.33,66.35,70.23,104.71,61.25,46.02,Mobile Payment App
358,21,Male,1,Mechanical Engineering,444.97,0.0,191.11,575.4,262.16,108.24,25.54,79.46,59.53,54.84,17.53,44.7,Mobile Payment App
359,20,Male,2,Computer Science,811.33,0.0,703.04,488.52,315.21,88.8,115.44,154.57,35.64,134.69,50.36,33.83,Cash
360,22,Male,3,Economics,630.91,300.17,772.17,361.57,223.61,101.66,135.92,95.88,39.45,101.0,69.32,78.25,Cash
361,19,Female,1,Biology,543.22,0.0,356.96,463.69,214.01,106.87,82.9,129.18,33.45,145.44,54.14,10.56,Cash
362,20,Non-binary,1,Biology,737.57,0.0,803.85,254.55,335.81,82.69,67.64,75.13,61.68,48.95,59.34,55.75,Cash
363,23,Male,3,Economics,912.31,0.0,320.09,317.36,157.8,103.78,30.77,64.03,86.5,92.79,16.08,42.83,Mobile Payment App
364,20,Male,2,Mechanical Engineering,936.3,0.0,895.33,408.54,199.04,53.82,38.72,144.36,63.24,146.7,14.79,35.87,Cash
365,19,Non-binary,1,Law,436.34,0.0,845.86,220.22,341.94,72.35,81.04,132.98,33.64,134.4,96.96,60.33,Credit/Debit Card
366,23,Male,4,Mechanical Engineering,796.06,675.94,509.24,168.04,263.06,27.27,13.47,127.33,27.63,53.61,32.64,48.65,Mobile Payment App
367,21,Female,2,Psychology,680.75,1173.82,653.67,189.32,218.18,35.42,54.49,124.96,85.47,136.27,36.11,11.84,Cash
368,21,Female,3,Law,736.63,0.0,381.06,350.51,231.48,37.65,134.29,150.89,43.25,66.38,16.38,58.24,Cash
369,22,Non-binary,2,Mechanical Engineering,549.96,0.0,800.64,593.99,97.85,115.81,115.86,26.81,42.76,137.16,41.45,44.47,Credit/Debit Card
370,20,Non-binary,2,Design,579.28,1143.25,565.4,169.0,303.09,102.63,52.55,116.26,47.08,4.03,0.24,21.01,Mobile Payment App
371,22,Female,4,Law,385.87,261.52,830.09,440.15,87.68,95.3,79.03,194.42,57.91,54.26,48.05,34.89,Mobile Payment App
372,24,Female,4,Law,267.52,1017.4,534.39,408.87,308.23,32.1,18.19,70.74,80.27,20.32,16.33,21.81,Cash
373,20,Non-binary,1,Psychology,568.73,0.0,724.83,232.46,105.52,94.03,86.12,175.76,76.15,102.75,30.11,54.84,Credit/Debit Card
374,21,Non-binary,3,Design,953.33,0.0,361.06,500.46,191.24,111.7,32.82,51.4,50.27,124.74,79.51,44.69,Mobile Payment App
375,20,Non-binary,1,Design,564.98,1022.99,163.03,306.69,266.58,29.6,71.87,197.64,51.85,145.52,17.22,24.37,Credit/Debit Card
376,20,Male,2,Computer Science,671.55,1293.24,666.04,288.34,136.66,118.02,69.47,154.97,18.94,2.82,48.43,34.5,Credit/Debit Card
377,20,Female,1,Mechanical Engineering,773.27,0.0,157.7,193.43,113.42,78.19,92.26,48.0,63.65,4.39,14.56,59.7,Cash
378,21,Non-binary,3,Computer Science,764.2,1200.3,696.42,258.82,233.96,25.41,90.94,12.66,27.36,28.73,28.19,72.13,Mobile Payment App
379,19,Male,1,Biology,1027.0,283.98,592.04,347.85,338.59,33.99,59.68,82.13,27.14,34.13,11.28,78.77,Credit/Debit Card
380,21,Female,2,Psychology,444.21,1133.4,366.2,474.96,102.21,66.84,63.87,96.82,68.89,103.06,84.11,18.07,Cash
381,20,Non-binary,2,Economics,962.69,757.58,159.59,453.37,261.47,56.62,83.17,138.54,19.54,59.22,69.5,78.21,Credit/Debit Card
382,21,Female,3,Psychology,406.68,0.0,783.02,331.93,142.87,59.59,79.88,155.32,71.28,89.05,75.63,64.08,Cash
383,23,Non-binary,4,Psychology,526.09,252.96,338.02,373.77,249.66,29.13,23.94,20.04,15.46,101.72,97.21,30.61,Credit/Debit Card
384,23,Non-binary,3,Computer Science,641.1,419.27,207.39,488.22,287.24,98.24,38.27,135.8,49.22,39.25,34.36,68.77,Credit/Debit Card
385,22,Non-binary,4,Law,507.67,293.11,176.99,229.59,258.04,96.84,133.86,41.19,44.45,46.87,38.91,61.12,Cash
386,23,Female,4,Psychology,777.68,570.87,530.01,326.12,213.57,116.94,96.37,77.03,88.22,48.07,2.81,3.61,Mobile Payment App
387,21,Non-binary,1,Psychology,595.99,0.0,458.95,175.4,145.94,39.64,53.69,26.14,65.04,130.34,11.45,13.58,Credit/Debit Card
388,24,Non-binary,4,Law,733.65,1162.79,536.07,339.53,85.51,64.32,13.11,70.14,55.63,48.36,9.77,39.07,Credit/Debit Card
389,22,Non-binary,3,Biology,275.7,0.0,374.64,586.24,134.47,81.72,146.38,24.31,78.03,32.11,26.52,23.79,Credit/Debit Card
390,21,Non-binary,1,Mechanical Engineering,643.49,1237.53,593.9,273.01,232.94,70.76,69.79,75.99,16.13,123.56,50.46,23.99,Cash
391,21,Non-binary,2,Mechanical Engineering,398.14,320.59,560.67,546.4,249.52,69.2,36.12,104.85,62.86,123.59,93.81,21.43,Mobile Payment App
392,24,Male,4,Design,827.48,840.56,541.7,313.92,119.89,30.8,105.94,67.05,44.83,47.8,83.02,5.15,Cash
393,22,Female,3,Economics,547.08,447.23,328.86,217.48,87.48,98.69,53.48,102.22,89.3,63.3,90.57,16.16,Credit/Debit Card
394,22,Female,3,Law,515.5,816.23,633.22,169.0,275.07,97.13,17.75,180.34,35.11,44.7,6.36,76.41,Mobile Payment App
395,20,Female,1,Psychology,980.85,0.0,578.23,375.11,112.57,84.74,91.26,157.27,52.02,74.47,9.02,47.99,Mobile Payment App
396,24,Female,4,Mechanical Engineering,526.55,715.5,467.15,214.93,127.29,116.84,71.53,58.32,57.16,73.55,37.47,75.9,Cash
397,24,Non-binary,4,Economics,654.07,1409.75,422.25,472.05,301.77,17.21,145.35,125.1,77.32,99.33,94.08,55.25,Cash
398,23,Male,4,Design,827.42,946.71,422.14,515.51,112.95,106.03,130.07,83.81,82.78,58.95,97.8,20.44,Credit/Debit Card
399,21,Non-binary,3,Biology,732.51,315.76,809.6,495.03,189.7,18.56,131.3,166.41,85.24,70.66,41.3,67.29,Credit/Debit Card
400,22,Male,2,Computer Science,549.52,0.0,413.89,420.95,299.63,92.47,73.46,15.2,14.17,96.24,63.02,63.28,Cash
